build_id,actual_bottleneck,severity
BUILD-0001,NORMAL,LOW
BUILD-0002,PARALLELISATION_PROBLEM,MEDIUM
BUILD-0003,NORMAL,LOW
BUILD-0004,CACHE_PROBLEM,HIGH
BUILD-0005,NORMAL,LOW
BUILD-0006,NORMAL,LOW
BUILD-0007,NORMAL,LOW
BUILD-0008,QUEUE_CONGESTION,HIGH
BUILD-0009,PARALLELISATION_PROBLEM,MEDIUM
BUILD-0010,NORMAL,LOW
BUILD-0011,PARALLELISATION_PROBLEM,HIGH
BUILD-0012,QUEUE_CONGESTION,HIGH
BUILD-0013,PARALLELISATION_PROBLEM,HIGH
BUILD-0014,RESOURCE_BOTTLENECK,CRITICAL
BUILD-0015,PARALLELISATION_PROBLEM,HIGH
BUILD-0016,NORMAL,LOW
BUILD-0017,SLOW_TASK,CRITICAL
BUILD-0018,RESOURCE_BOTTLENECK,HIGH
BUILD-0019,CACHE_PROBLEM,HIGH
BUILD-0020,PARALLELISATION_PROBLEM,MEDIUM
BUILD-0021,PARALLELISATION_PROBLEM,HIGH
BUILD-0022,RESOURCE_BOTTLENECK,CRITICAL
BUILD-0023,CACHE_PROBLEM,MEDIUM
BUILD-0024,NORMAL,LOW
BUILD-0025,QUEUE_CONGESTION,HIGH
BUILD-0026,NORMAL,LOW
BUILD-0027,RESOURCE_BOTTLENECK,MEDIUM
BUILD-0028,SLOW_TASK,CRITICAL
BUILD-0029,QUEUE_CONGESTION,MEDIUM
BUILD-0030,NORMAL,LOW
BUILD-0031,NORMAL,LOW
BUILD-0032,NORMAL,LOW
BUILD-0033,PARALLELISATION_PROBLEM,MEDIUM
BUILD-0034,PARALLELISATION_PROBLEM,HIGH
BUILD-0035,CACHE_PROBLEM,HIGH
BUILD-0036,CACHE_PROBLEM,HIGH
BUILD-0037,PARALLELISATION_PROBLEM,HIGH
BUILD-0038,RESOURCE_BOTTLENECK,MEDIUM
BUILD-0039,PARALLELISATION_PROBLEM,MEDIUM
BUILD-0040,PARALLELISATION_PROBLEM,HIGH
BUILD-0041,NORMAL,LOW
BUILD-0042,NORMAL,LOW
BUILD-0043,PARALLELISATION_PROBLEM,MEDIUM
BUILD-0044,PARALLELISATION_PROBLEM,MEDIUM
BUILD-0045,PARALLELISATION_PROBLEM,MEDIUM
BUILD-0046,PARALLELISATION_PROBLEM,HIGH
BUILD-0047,RESOURCE_BOTTLENECK,HIGH
BUILD-0048,NORMAL,LOW
BUILD-0049,SLOW_TASK,HIGH
BUILD-0050,CACHE_PROBLEM,HIGH
BUILD-0051,PARALLELISATION_PROBLEM,HIGH
BUILD-0052,SLOW_TASK,MEDIUM
BUILD-0053,SLOW_TASK,HIGH
BUILD-0054,CACHE_PROBLEM,MEDIUM
BUILD-0055,CACHE_PROBLEM,HIGH
BUILD-0056,PARALLELISATION_PROBLEM,MEDIUM
BUILD-0057,NORMAL,LOW
BUILD-0058,PARALLELISATION_PROBLEM,HIGH
BUILD-0059,NORMAL,LOW
BUILD-0060,NORMAL,LOW
BUILD-0061,NORMAL,LOW
BUILD-0062,PARALLELISATION_PROBLEM,HIGH
BUILD-0063,NORMAL,LOW
BUILD-0064,QUEUE_CONGESTION,CRITICAL
BUILD-0065,NORMAL,LOW
BUILD-0066,QUEUE_CONGESTION,HIGH
BUILD-0067,CACHE_PROBLEM,MEDIUM
BUILD-0068,RESOURCE_BOTTLENECK,HIGH
BUILD-0069,CACHE_PROBLEM,MEDIUM
BUILD-0070,PARALLELISATION_PROBLEM,HIGH
BUILD-0071,NORMAL,LOW
BUILD-0072,NORMAL,LOW
BUILD-0073,PARALLELISATION_PROBLEM,HIGH
BUILD-0074,QUEUE_CONGESTION,MEDIUM
BUILD-0075,PARALLELISATION_PROBLEM,HIGH
BUILD-0076,QUEUE_CONGESTION,HIGH
BUILD-0077,PARALLELISATION_PROBLEM,HIGH
BUILD-0078,CACHE_PROBLEM,HIGH
BUILD-0079,NORMAL,LOW
BUILD-0080,NORMAL,LOW
BUILD-0081,PARALLELISATION_PROBLEM,MEDIUM
BUILD-0082,PARALLELISATION_PROBLEM,MEDIUM
BUILD-0083,SLOW_TASK,HIGH
BUILD-0084,RESOURCE_BOTTLENECK,HIGH
BUILD-0085,NORMAL,LOW
BUILD-0086,NORMAL,LOW
BUILD-0087,CACHE_PROBLEM,HIGH
BUILD-0088,NORMAL,LOW
BUILD-0089,NORMAL,LOW
BUILD-0090,PARALLELISATION_PROBLEM,HIGH
BUILD-0091,CACHE_PROBLEM,HIGH
BUILD-0092,QUEUE_CONGESTION,HIGH
BUILD-0093,CACHE_PROBLEM,HIGH
BUILD-0094,CACHE_PROBLEM,MEDIUM
BUILD-0095,NORMAL,LOW
BUILD-0096,QUEUE_CONGESTION,HIGH
BUILD-0097,PARALLELISATION_PROBLEM,MEDIUM
BUILD-0098,NORMAL,LOW
BUILD-0099,NORMAL,LOW
BUILD-0100,QUEUE_CONGESTION,MEDIUM
BUILD-0101,QUEUE_CONGESTION,HIGH
BUILD-0102,NORMAL,LOW
BUILD-0103,QUEUE_CONGESTION,CRITICAL
BUILD-0104,NORMAL,LOW
BUILD-0105,SLOW_TASK,HIGH
BUILD-0106,NORMAL,LOW
BUILD-0107,CACHE_PROBLEM,MEDIUM
BUILD-0108,NORMAL,LOW
BUILD-0109,CACHE_PROBLEM,HIGH
BUILD-0110,NORMAL,LOW
BUILD-0111,NORMAL,LOW
BUILD-0112,RESOURCE_BOTTLENECK,HIGH
BUILD-0113,CACHE_PROBLEM,MEDIUM
BUILD-0114,QUEUE_CONGESTION,HIGH
BUILD-0115,NORMAL,LOW
BUILD-0116,NORMAL,LOW
BUILD-0117,CACHE_PROBLEM,MEDIUM
BUILD-0118,QUEUE_CONGESTION,CRITICAL
BUILD-0119,NORMAL,LOW
BUILD-0120,NORMAL,LOW
BUILD-0121,CACHE_PROBLEM,MEDIUM
BUILD-0122,PARALLELISATION_PROBLEM,HIGH
BUILD-0123,QUEUE_CONGESTION,HIGH
BUILD-0124,PARALLELISATION_PROBLEM,MEDIUM
BUILD-0125,QUEUE_CONGESTION,HIGH
BUILD-0126,NORMAL,LOW
BUILD-0127,RESOURCE_BOTTLENECK,MEDIUM
BUILD-0128,CACHE_PROBLEM,HIGH
BUILD-0129,CACHE_PROBLEM,HIGH
BUILD-0130,NORMAL,LOW
BUILD-0131,SLOW_TASK,HIGH
BUILD-0132,QUEUE_CONGESTION,MEDIUM
BUILD-0133,QUEUE_CONGESTION,MEDIUM
BUILD-0134,CACHE_PROBLEM,MEDIUM
BUILD-0135,NORMAL,LOW
BUILD-0136,NORMAL,LOW
BUILD-0137,PARALLELISATION_PROBLEM,MEDIUM
BUILD-0138,QUEUE_CONGESTION,CRITICAL
BUILD-0139,QUEUE_CONGESTION,CRITICAL
BUILD-0140,NORMAL,LOW
BUILD-0141,CACHE_PROBLEM,HIGH
BUILD-0142,NORMAL,LOW
BUILD-0143,PARALLELISATION_PROBLEM,MEDIUM
BUILD-0144,QUEUE_CONGESTION,HIGH
BUILD-0145,NORMAL,LOW
BUILD-0146,SLOW_TASK,MEDIUM
BUILD-0147,QUEUE_CONGESTION,CRITICAL
BUILD-0148,NORMAL,LOW
BUILD-0149,SLOW_TASK,HIGH
BUILD-0150,CACHE_PROBLEM,MEDIUM
BUILD-0151,NORMAL,LOW
BUILD-0152,RESOURCE_BOTTLENECK,MEDIUM
BUILD-0153,RESOURCE_BOTTLENECK,HIGH
BUILD-0154,PARALLELISATION_PROBLEM,HIGH
BUILD-0155,QUEUE_CONGESTION,CRITICAL
BUILD-0156,SLOW_TASK,CRITICAL
BUILD-0157,SLOW_TASK,CRITICAL
BUILD-0158,SLOW_TASK,HIGH
BUILD-0159,QUEUE_CONGESTION,MEDIUM
BUILD-0160,NORMAL,LOW
BUILD-0161,RESOURCE_BOTTLENECK,HIGH
BUILD-0162,QUEUE_CONGESTION,HIGH
BUILD-0163,PARALLELISATION_PROBLEM,HIGH
BUILD-0164,QUEUE_CONGESTION,MEDIUM
BUILD-0165,SLOW_TASK,HIGH
BUILD-0166,NORMAL,LOW
BUILD-0167,PARALLELISATION_PROBLEM,HIGH
BUILD-0168,CACHE_PROBLEM,MEDIUM
BUILD-0169,SLOW_TASK,HIGH
BUILD-0170,SLOW_TASK,HIGH
BUILD-0171,NORMAL,LOW
BUILD-0172,PARALLELISATION_PROBLEM,MEDIUM
BUILD-0173,NORMAL,LOW
BUILD-0174,NORMAL,LOW
BUILD-0175,QUEUE_CONGESTION,CRITICAL
BUILD-0176,NORMAL,LOW
BUILD-0177,RESOURCE_BOTTLENECK,HIGH
BUILD-0178,QUEUE_CONGESTION,HIGH
BUILD-0179,NORMAL,LOW
BUILD-0180,NORMAL,LOW
BUILD-0181,QUEUE_CONGESTION,MEDIUM
BUILD-0182,RESOURCE_BOTTLENECK,MEDIUM
BUILD-0183,PARALLELISATION_PROBLEM,MEDIUM
BUILD-0184,NORMAL,LOW
BUILD-0185,SLOW_TASK,MEDIUM
BUILD-0186,PARALLELISATION_PROBLEM,HIGH
BUILD-0187,NORMAL,LOW
BUILD-0188,QUEUE_CONGESTION,CRITICAL
BUILD-0189,NORMAL,LOW
BUILD-0190,CACHE_PROBLEM,HIGH
BUILD-0191,QUEUE_CONGESTION,CRITICAL
BUILD-0192,CACHE_PROBLEM,MEDIUM
BUILD-0193,RESOURCE_BOTTLENECK,MEDIUM
BUILD-0194,RESOURCE_BOTTLENECK,HIGH
BUILD-0195,RESOURCE_BOTTLENECK,HIGH
BUILD-0196,QUEUE_CONGESTION,HIGH
BUILD-0197,RESOURCE_BOTTLENECK,CRITICAL
BUILD-0198,QUEUE_CONGESTION,CRITICAL
BUILD-0199,SLOW_TASK,HIGH
BUILD-0200,NORMAL,LOW
BUILD-0201,NORMAL,LOW
BUILD-0202,PARALLELISATION_PROBLEM,HIGH
BUILD-0203,NORMAL,LOW
BUILD-0204,RESOURCE_BOTTLENECK,HIGH
BUILD-0205,PARALLELISATION_PROBLEM,HIGH
BUILD-0206,NORMAL,LOW
BUILD-0207,CACHE_PROBLEM,HIGH
BUILD-0208,NORMAL,LOW
BUILD-0209,QUEUE_CONGESTION,CRITICAL
BUILD-0210,RESOURCE_BOTTLENECK,HIGH
BUILD-0211,SLOW_TASK,MEDIUM
BUILD-0212,PARALLELISATION_PROBLEM,MEDIUM
BUILD-0213,PARALLELISATION_PROBLEM,HIGH
BUILD-0214,SLOW_TASK,HIGH
BUILD-0215,SLOW_TASK,HIGH
BUILD-0216,QUEUE_CONGESTION,HIGH
BUILD-0217,NORMAL,LOW
BUILD-0218,PARALLELISATION_PROBLEM,HIGH
BUILD-0219,PARALLELISATION_PROBLEM,HIGH
BUILD-0220,CACHE_PROBLEM,MEDIUM
BUILD-0221,CACHE_PROBLEM,HIGH
BUILD-0222,CACHE_PROBLEM,MEDIUM
BUILD-0223,QUEUE_CONGESTION,HIGH
BUILD-0224,NORMAL,LOW
BUILD-0225,PARALLELISATION_PROBLEM,MEDIUM
BUILD-0226,NORMAL,LOW
BUILD-0227,NORMAL,LOW
BUILD-0228,NORMAL,LOW
BUILD-0229,RESOURCE_BOTTLENECK,CRITICAL
BUILD-0230,NORMAL,LOW
BUILD-0231,QUEUE_CONGESTION,MEDIUM
BUILD-0232,NORMAL,LOW
BUILD-0233,QUEUE_CONGESTION,CRITICAL
BUILD-0234,NORMAL,LOW
BUILD-0235,QUEUE_CONGESTION,MEDIUM
BUILD-0236,PARALLELISATION_PROBLEM,MEDIUM
BUILD-0237,PARALLELISATION_PROBLEM,HIGH
BUILD-0238,QUEUE_CONGESTION,HIGH
BUILD-0239,NORMAL,LOW
BUILD-0240,PARALLELISATION_PROBLEM,HIGH
BUILD-0241,RESOURCE_BOTTLENECK,CRITICAL
BUILD-0242,SLOW_TASK,HIGH
BUILD-0243,NORMAL,LOW
BUILD-0244,CACHE_PROBLEM,HIGH
BUILD-0245,NORMAL,LOW
BUILD-0246,QUEUE_CONGESTION,HIGH
BUILD-0247,PARALLELISATION_PROBLEM,MEDIUM
BUILD-0248,PARALLELISATION_PROBLEM,HIGH
BUILD-0249,CACHE_PROBLEM,MEDIUM
BUILD-0250,QUEUE_CONGESTION,CRITICAL
BUILD-0251,CACHE_PROBLEM,MEDIUM
BUILD-0252,SLOW_TASK,HIGH
BUILD-0253,CACHE_PROBLEM,HIGH
BUILD-0254,RESOURCE_BOTTLENECK,CRITICAL
BUILD-0255,PARALLELISATION_PROBLEM,HIGH
BUILD-0256,QUEUE_CONGESTION,MEDIUM
BUILD-0257,SLOW_TASK,MEDIUM
BUILD-0258,CACHE_PROBLEM,HIGH
BUILD-0259,QUEUE_CONGESTION,CRITICAL
BUILD-0260,QUEUE_CONGESTION,HIGH
BUILD-0261,QUEUE_CONGESTION,MEDIUM
BUILD-0262,QUEUE_CONGESTION,CRITICAL
BUILD-0263,SLOW_TASK,CRITICAL
BUILD-0264,CACHE_PROBLEM,HIGH
BUILD-0265,NORMAL,LOW
BUILD-0266,SLOW_TASK,CRITICAL
BUILD-0267,NORMAL,LOW
BUILD-0268,NORMAL,LOW
BUILD-0269,NORMAL,LOW
BUILD-0270,NORMAL,LOW
BUILD-0271,SLOW_TASK,MEDIUM
BUILD-0272,QUEUE_CONGESTION,HIGH
BUILD-0273,SLOW_TASK,HIGH
BUILD-0274,PARALLELISATION_PROBLEM,MEDIUM
BUILD-0275,QUEUE_CONGESTION,HIGH
BUILD-0276,NORMAL,LOW
BUILD-0277,NORMAL,LOW
BUILD-0278,RESOURCE_BOTTLENECK,MEDIUM
BUILD-0279,CACHE_PROBLEM,HIGH
BUILD-0280,NORMAL,LOW
BUILD-0281,RESOURCE_BOTTLENECK,CRITICAL
BUILD-0282,NORMAL,LOW
BUILD-0283,RESOURCE_BOTTLENECK,CRITICAL
BUILD-0284,NORMAL,LOW
BUILD-0285,NORMAL,LOW
BUILD-0286,NORMAL,LOW
BUILD-0287,SLOW_TASK,CRITICAL
BUILD-0288,PARALLELISATION_PROBLEM,HIGH
BUILD-0289,SLOW_TASK,HIGH
BUILD-0290,NORMAL,LOW
BUILD-0291,QUEUE_CONGESTION,MEDIUM
BUILD-0292,SLOW_TASK,CRITICAL
BUILD-0293,NORMAL,LOW
BUILD-0294,NORMAL,LOW
BUILD-0295,PARALLELISATION_PROBLEM,HIGH
BUILD-0296,NORMAL,LOW
BUILD-0297,PARALLELISATION_PROBLEM,MEDIUM
BUILD-0298,NORMAL,LOW
BUILD-0299,NORMAL,LOW
BUILD-0300,PARALLELISATION_PROBLEM,MEDIUM
BUILD-0301,PARALLELISATION_PROBLEM,MEDIUM
BUILD-0302,RESOURCE_BOTTLENECK,HIGH
BUILD-0303,NORMAL,LOW
BUILD-0304,CACHE_PROBLEM,MEDIUM
BUILD-0305,RESOURCE_BOTTLENECK,MEDIUM
BUILD-0306,QUEUE_CONGESTION,CRITICAL
BUILD-0307,PARALLELISATION_PROBLEM,HIGH
BUILD-0308,PARALLELISATION_PROBLEM,MEDIUM
BUILD-0309,CACHE_PROBLEM,HIGH
BUILD-0310,CACHE_PROBLEM,MEDIUM
BUILD-0311,QUEUE_CONGESTION,CRITICAL
BUILD-0312,QUEUE_CONGESTION,HIGH
BUILD-0313,RESOURCE_BOTTLENECK,HIGH
BUILD-0314,QUEUE_CONGESTION,HIGH
BUILD-0315,PARALLELISATION_PROBLEM,MEDIUM
BUILD-0316,QUEUE_CONGESTION,MEDIUM
BUILD-0317,SLOW_TASK,HIGH
BUILD-0318,CACHE_PROBLEM,MEDIUM
BUILD-0319,SLOW_TASK,HIGH
BUILD-0320,NORMAL,LOW
BUILD-0321,QUEUE_CONGESTION,HIGH
BUILD-0322,NORMAL,LOW
BUILD-0323,NORMAL,LOW
BUILD-0324,NORMAL,LOW
BUILD-0325,CACHE_PROBLEM,HIGH
BUILD-0326,RESOURCE_BOTTLENECK,HIGH
BUILD-0327,CACHE_PROBLEM,MEDIUM
BUILD-0328,RESOURCE_BOTTLENECK,CRITICAL
BUILD-0329,NORMAL,LOW
BUILD-0330,PARALLELISATION_PROBLEM,HIGH
BUILD-0331,QUEUE_CONGESTION,CRITICAL
BUILD-0332,QUEUE_CONGESTION,HIGH
BUILD-0333,CACHE_PROBLEM,MEDIUM
BUILD-0334,CACHE_PROBLEM,HIGH
BUILD-0335,RESOURCE_BOTTLENECK,CRITICAL
BUILD-0336,CACHE_PROBLEM,HIGH
BUILD-0337,QUEUE_CONGESTION,HIGH
BUILD-0338,PARALLELISATION_PROBLEM,HIGH
BUILD-0339,PARALLELISATION_PROBLEM,MEDIUM
BUILD-0340,CACHE_PROBLEM,MEDIUM
BUILD-0341,NORMAL,LOW
BUILD-0342,NORMAL,LOW
BUILD-0343,QUEUE_CONGESTION,CRITICAL
BUILD-0344,QUEUE_CONGESTION,MEDIUM
BUILD-0345,SLOW_TASK,HIGH
BUILD-0346,NORMAL,LOW
BUILD-0347,NORMAL,LOW
BUILD-0348,NORMAL,LOW
BUILD-0349,RESOURCE_BOTTLENECK,CRITICAL
BUILD-0350,SLOW_TASK,CRITICAL
BUILD-0351,NORMAL,LOW
BUILD-0352,NORMAL,LOW
BUILD-0353,NORMAL,LOW
BUILD-0354,NORMAL,LOW
BUILD-0355,NORMAL,LOW
BUILD-0356,NORMAL,LOW
BUILD-0357,QUEUE_CONGESTION,CRITICAL
BUILD-0358,NORMAL,LOW
BUILD-0359,QUEUE_CONGESTION,HIGH
BUILD-0360,NORMAL,LOW
BUILD-0361,SLOW_TASK,CRITICAL
BUILD-0362,PARALLELISATION_PROBLEM,HIGH
BUILD-0363,NORMAL,LOW
BUILD-0364,SLOW_TASK,HIGH
BUILD-0365,NORMAL,LOW
BUILD-0366,NORMAL,LOW
BUILD-0367,NORMAL,LOW
BUILD-0368,NORMAL,LOW
BUILD-0369,CACHE_PROBLEM,HIGH
BUILD-0370,NORMAL,LOW
BUILD-0371,CACHE_PROBLEM,MEDIUM
BUILD-0372,CACHE_PROBLEM,HIGH
BUILD-0373,NORMAL,LOW
BUILD-0374,NORMAL,LOW
BUILD-0375,QUEUE_CONGESTION,MEDIUM
BUILD-0376,NORMAL,LOW
BUILD-0377,SLOW_TASK,HIGH
BUILD-0378,CACHE_PROBLEM,MEDIUM
BUILD-0379,SLOW_TASK,CRITICAL
BUILD-0380,CACHE_PROBLEM,HIGH
BUILD-0381,NORMAL,LOW
BUILD-0382,NORMAL,LOW
BUILD-0383,NORMAL,LOW
BUILD-0384,QUEUE_CONGESTION,CRITICAL
BUILD-0385,PARALLELISATION_PROBLEM,HIGH
BUILD-0386,QUEUE_CONGESTION,CRITICAL
BUILD-0387,NORMAL,LOW
BUILD-0388,PARALLELISATION_PROBLEM,HIGH
BUILD-0389,PARALLELISATION_PROBLEM,MEDIUM
BUILD-0390,QUEUE_CONGESTION,HIGH
BUILD-0391,NORMAL,LOW
BUILD-0392,PARALLELISATION_PROBLEM,HIGH
BUILD-0393,PARALLELISATION_PROBLEM,HIGH
BUILD-0394,NORMAL,LOW
BUILD-0395,RESOURCE_BOTTLENECK,MEDIUM
BUILD-0396,NORMAL,LOW
BUILD-0397,CACHE_PROBLEM,HIGH
BUILD-0398,CACHE_PROBLEM,HIGH
BUILD-0399,PARALLELISATION_PROBLEM,MEDIUM
BUILD-0400,QUEUE_CONGESTION,CRITICAL
BUILD-0401,CACHE_PROBLEM,MEDIUM
BUILD-0402,QUEUE_CONGESTION,CRITICAL
BUILD-0403,PARALLELISATION_PROBLEM,MEDIUM
BUILD-0404,NORMAL,LOW
BUILD-0405,NORMAL,LOW
BUILD-0406,RESOURCE_BOTTLENECK,HIGH
BUILD-0407,CACHE_PROBLEM,MEDIUM
BUILD-0408,CACHE_PROBLEM,MEDIUM
BUILD-0409,QUEUE_CONGESTION,HIGH
BUILD-0410,QUEUE_CONGESTION,MEDIUM
BUILD-0411,PARALLELISATION_PROBLEM,MEDIUM
BUILD-0412,NORMAL,LOW
BUILD-0413,CACHE_PROBLEM,MEDIUM
BUILD-0414,PARALLELISATION_PROBLEM,MEDIUM
BUILD-0415,NORMAL,LOW
BUILD-0416,QUEUE_CONGESTION,HIGH
BUILD-0417,NORMAL,LOW
BUILD-0418,NORMAL,LOW
BUILD-0419,NORMAL,LOW
BUILD-0420,NORMAL,LOW
BUILD-0421,NORMAL,LOW
BUILD-0422,SLOW_TASK,HIGH
BUILD-0423,PARALLELISATION_PROBLEM,MEDIUM
BUILD-0424,CACHE_PROBLEM,HIGH
BUILD-0425,SLOW_TASK,MEDIUM
BUILD-0426,NORMAL,LOW
BUILD-0427,NORMAL,LOW
BUILD-0428,QUEUE_CONGESTION,HIGH
BUILD-0429,QUEUE_CONGESTION,CRITICAL
BUILD-0430,CACHE_PROBLEM,MEDIUM
BUILD-0431,NORMAL,LOW
BUILD-0432,CACHE_PROBLEM,HIGH
BUILD-0433,RESOURCE_BOTTLENECK,HIGH
BUILD-0434,RESOURCE_BOTTLENECK,MEDIUM
BUILD-0435,NORMAL,LOW
BUILD-0436,CACHE_PROBLEM,HIGH
BUILD-0437,RESOURCE_BOTTLENECK,HIGH
BUILD-0438,PARALLELISATION_PROBLEM,HIGH
BUILD-0439,PARALLELISATION_PROBLEM,MEDIUM
BUILD-0440,CACHE_PROBLEM,MEDIUM
BUILD-0441,QUEUE_CONGESTION,CRITICAL
BUILD-0442,NORMAL,LOW
BUILD-0443,SLOW_TASK,CRITICAL
BUILD-0444,PARALLELISATION_PROBLEM,HIGH
BUILD-0445,NORMAL,LOW
BUILD-0446,NORMAL,LOW
BUILD-0447,CACHE_PROBLEM,HIGH
BUILD-0448,RESOURCE_BOTTLENECK,HIGH
BUILD-0449,NORMAL,LOW
BUILD-0450,NORMAL,LOW
BUILD-0451,NORMAL,LOW
BUILD-0452,NORMAL,LOW
BUILD-0453,SLOW_TASK,HIGH
BUILD-0454,NORMAL,LOW
BUILD-0455,NORMAL,LOW
BUILD-0456,QUEUE_CONGESTION,CRITICAL
BUILD-0457,NORMAL,LOW
BUILD-0458,NORMAL,LOW
BUILD-0459,CACHE_PROBLEM,HIGH
BUILD-0460,NORMAL,LOW
BUILD-0461,NORMAL,LOW
BUILD-0462,CACHE_PROBLEM,HIGH
BUILD-0463,CACHE_PROBLEM,MEDIUM
BUILD-0464,RESOURCE_BOTTLENECK,CRITICAL
BUILD-0465,PARALLELISATION_PROBLEM,HIGH
BUILD-0466,QUEUE_CONGESTION,HIGH
BUILD-0467,CACHE_PROBLEM,HIGH
BUILD-0468,PARALLELISATION_PROBLEM,MEDIUM
BUILD-0469,PARALLELISATION_PROBLEM,MEDIUM
BUILD-0470,NORMAL,LOW
BUILD-0471,NORMAL,LOW
BUILD-0472,CACHE_PROBLEM,MEDIUM
BUILD-0473,NORMAL,LOW
BUILD-0474,RESOURCE_BOTTLENECK,MEDIUM
BUILD-0475,QUEUE_CONGESTION,HIGH
BUILD-0476,QUEUE_CONGESTION,HIGH
BUILD-0477,SLOW_TASK,HIGH
BUILD-0478,QUEUE_CONGESTION,MEDIUM
BUILD-0479,SLOW_TASK,MEDIUM
BUILD-0480,PARALLELISATION_PROBLEM,HIGH
BUILD-0481,NORMAL,LOW
BUILD-0482,NORMAL,LOW
BUILD-0483,CACHE_PROBLEM,MEDIUM
BUILD-0484,PARALLELISATION_PROBLEM,HIGH
BUILD-0485,CACHE_PROBLEM,HIGH
BUILD-0486,RESOURCE_BOTTLENECK,HIGH
BUILD-0487,NORMAL,LOW
BUILD-0488,SLOW_TASK,HIGH
BUILD-0489,QUEUE_CONGESTION,MEDIUM
BUILD-0490,NORMAL,LOW
BUILD-0491,NORMAL,LOW
BUILD-0492,CACHE_PROBLEM,HIGH
BUILD-0493,QUEUE_CONGESTION,HIGH
BUILD-0494,NORMAL,LOW
BUILD-0495,SLOW_TASK,CRITICAL
BUILD-0496,CACHE_PROBLEM,HIGH
BUILD-0497,CACHE_PROBLEM,MEDIUM
BUILD-0498,NORMAL,LOW
BUILD-0499,QUEUE_CONGESTION,HIGH
BUILD-0500,NORMAL,LOW
BUILD-0501,PARALLELISATION_PROBLEM,HIGH
BUILD-0502,NORMAL,LOW
BUILD-0503,NORMAL,LOW
BUILD-0504,SLOW_TASK,HIGH
BUILD-0505,QUEUE_CONGESTION,CRITICAL
BUILD-0506,NORMAL,LOW
BUILD-0507,QUEUE_CONGESTION,CRITICAL
BUILD-0508,CACHE_PROBLEM,HIGH
BUILD-0509,QUEUE_CONGESTION,HIGH
BUILD-0510,CACHE_PROBLEM,HIGH
BUILD-0511,NORMAL,LOW
BUILD-0512,RESOURCE_BOTTLENECK,HIGH
BUILD-0513,PARALLELISATION_PROBLEM,HIGH
BUILD-0514,QUEUE_CONGESTION,HIGH
BUILD-0515,SLOW_TASK,MEDIUM
BUILD-0516,SLOW_TASK,HIGH
BUILD-0517,PARALLELISATION_PROBLEM,HIGH
BUILD-0518,RESOURCE_BOTTLENECK,CRITICAL
BUILD-0519,SLOW_TASK,CRITICAL
BUILD-0520,NORMAL,LOW
BUILD-0521,SLOW_TASK,CRITICAL
BUILD-0522,CACHE_PROBLEM,HIGH
BUILD-0523,NORMAL,LOW
BUILD-0524,PARALLELISATION_PROBLEM,MEDIUM
BUILD-0525,NORMAL,LOW
BUILD-0526,NORMAL,LOW
BUILD-0527,CACHE_PROBLEM,HIGH
BUILD-0528,PARALLELISATION_PROBLEM,HIGH
BUILD-0529,PARALLELISATION_PROBLEM,MEDIUM
BUILD-0530,SLOW_TASK,MEDIUM
BUILD-0531,QUEUE_CONGESTION,CRITICAL
BUILD-0532,PARALLELISATION_PROBLEM,HIGH
BUILD-0533,QUEUE_CONGESTION,HIGH
BUILD-0534,RESOURCE_BOTTLENECK,HIGH
BUILD-0535,RESOURCE_BOTTLENECK,HIGH
BUILD-0536,CACHE_PROBLEM,MEDIUM
BUILD-0537,QUEUE_CONGESTION,MEDIUM
BUILD-0538,CACHE_PROBLEM,MEDIUM
BUILD-0539,NORMAL,LOW
BUILD-0540,CACHE_PROBLEM,MEDIUM
BUILD-0541,SLOW_TASK,HIGH
BUILD-0542,NORMAL,LOW
BUILD-0543,SLOW_TASK,CRITICAL
BUILD-0544,QUEUE_CONGESTION,HIGH
BUILD-0545,PARALLELISATION_PROBLEM,HIGH
BUILD-0546,CACHE_PROBLEM,HIGH
BUILD-0547,SLOW_TASK,CRITICAL
BUILD-0548,NORMAL,LOW
BUILD-0549,NORMAL,LOW
BUILD-0550,QUEUE_CONGESTION,MEDIUM
BUILD-0551,CACHE_PROBLEM,HIGH
BUILD-0552,PARALLELISATION_PROBLEM,MEDIUM
BUILD-0553,QUEUE_CONGESTION,CRITICAL
BUILD-0554,QUEUE_CONGESTION,MEDIUM
BUILD-0555,NORMAL,LOW
BUILD-0556,RESOURCE_BOTTLENECK,HIGH
BUILD-0557,NORMAL,LOW
BUILD-0558,SLOW_TASK,HIGH
BUILD-0559,PARALLELISATION_PROBLEM,HIGH
BUILD-0560,NORMAL,LOW
BUILD-0561,CACHE_PROBLEM,MEDIUM
BUILD-0562,PARALLELISATION_PROBLEM,HIGH
BUILD-0563,QUEUE_CONGESTION,HIGH
BUILD-0564,RESOURCE_BOTTLENECK,HIGH
BUILD-0565,CACHE_PROBLEM,HIGH
BUILD-0566,NORMAL,LOW
BUILD-0567,CACHE_PROBLEM,HIGH
BUILD-0568,QUEUE_CONGESTION,MEDIUM
BUILD-0569,RESOURCE_BOTTLENECK,HIGH
BUILD-0570,SLOW_TASK,HIGH
BUILD-0571,CACHE_PROBLEM,MEDIUM
BUILD-0572,RESOURCE_BOTTLENECK,MEDIUM
BUILD-0573,PARALLELISATION_PROBLEM,HIGH
BUILD-0574,NORMAL,LOW
BUILD-0575,CACHE_PROBLEM,HIGH
BUILD-0576,PARALLELISATION_PROBLEM,MEDIUM
BUILD-0577,NORMAL,LOW
BUILD-0578,NORMAL,LOW
BUILD-0579,NORMAL,LOW
BUILD-0580,NORMAL,LOW
BUILD-0581,CACHE_PROBLEM,HIGH
BUILD-0582,NORMAL,LOW
BUILD-0583,NORMAL,LOW
BUILD-0584,CACHE_PROBLEM,HIGH
BUILD-0585,CACHE_PROBLEM,MEDIUM
BUILD-0586,CACHE_PROBLEM,HIGH
BUILD-0587,NORMAL,LOW
BUILD-0588,QUEUE_CONGESTION,CRITICAL
BUILD-0589,PARALLELISATION_PROBLEM,HIGH
BUILD-0590,SLOW_TASK,MEDIUM
BUILD-0591,PARALLELISATION_PROBLEM,HIGH
BUILD-0592,PARALLELISATION_PROBLEM,MEDIUM
BUILD-0593,RESOURCE_BOTTLENECK,CRITICAL
BUILD-0594,NORMAL,LOW
BUILD-0595,NORMAL,LOW
BUILD-0596,QUEUE_CONGESTION,HIGH
BUILD-0597,PARALLELISATION_PROBLEM,MEDIUM
BUILD-0598,QUEUE_CONGESTION,HIGH
BUILD-0599,PARALLELISATION_PROBLEM,MEDIUM
BUILD-0600,QUEUE_CONGESTION,HIGH
BUILD-0601,PARALLELISATION_PROBLEM,MEDIUM
BUILD-0602,QUEUE_CONGESTION,HIGH
BUILD-0603,CACHE_PROBLEM,HIGH
BUILD-0604,NORMAL,LOW
BUILD-0605,NORMAL,LOW
BUILD-0606,NORMAL,LOW
BUILD-0607,PARALLELISATION_PROBLEM,HIGH
BUILD-0608,NORMAL,LOW
BUILD-0609,QUEUE_CONGESTION,HIGH
BUILD-0610,QUEUE_CONGESTION,HIGH
BUILD-0611,NORMAL,LOW
BUILD-0612,QUEUE_CONGESTION,MEDIUM
BUILD-0613,NORMAL,LOW
BUILD-0614,PARALLELISATION_PROBLEM,HIGH
BUILD-0615,SLOW_TASK,HIGH
BUILD-0616,NORMAL,LOW
BUILD-0617,RESOURCE_BOTTLENECK,MEDIUM
BUILD-0618,CACHE_PROBLEM,HIGH
BUILD-0619,CACHE_PROBLEM,HIGH
BUILD-0620,NORMAL,LOW
BUILD-0621,QUEUE_CONGESTION,HIGH
BUILD-0622,NORMAL,LOW
BUILD-0623,NORMAL,LOW
BUILD-0624,NORMAL,LOW
BUILD-0625,NORMAL,LOW
BUILD-0626,NORMAL,LOW
BUILD-0627,CACHE_PROBLEM,HIGH
BUILD-0628,NORMAL,LOW
BUILD-0629,CACHE_PROBLEM,HIGH
BUILD-0630,NORMAL,LOW
BUILD-0631,SLOW_TASK,CRITICAL
BUILD-0632,NORMAL,LOW
BUILD-0633,QUEUE_CONGESTION,HIGH
BUILD-0634,PARALLELISATION_PROBLEM,MEDIUM
BUILD-0635,QUEUE_CONGESTION,CRITICAL
BUILD-0636,QUEUE_CONGESTION,CRITICAL
BUILD-0637,NORMAL,LOW
BUILD-0638,CACHE_PROBLEM,MEDIUM
BUILD-0639,PARALLELISATION_PROBLEM,HIGH
BUILD-0640,CACHE_PROBLEM,HIGH
BUILD-0641,NORMAL,LOW
BUILD-0642,QUEUE_CONGESTION,CRITICAL
BUILD-0643,QUEUE_CONGESTION,HIGH
BUILD-0644,CACHE_PROBLEM,HIGH
BUILD-0645,PARALLELISATION_PROBLEM,HIGH
BUILD-0646,CACHE_PROBLEM,HIGH
BUILD-0647,NORMAL,LOW
BUILD-0648,QUEUE_CONGESTION,HIGH
BUILD-0649,NORMAL,LOW
BUILD-0650,RESOURCE_BOTTLENECK,HIGH
BUILD-0651,NORMAL,LOW
BUILD-0652,PARALLELISATION_PROBLEM,MEDIUM
BUILD-0653,NORMAL,LOW
BUILD-0654,PARALLELISATION_PROBLEM,HIGH
BUILD-0655,QUEUE_CONGESTION,MEDIUM
BUILD-0656,PARALLELISATION_PROBLEM,HIGH
BUILD-0657,QUEUE_CONGESTION,MEDIUM
BUILD-0658,SLOW_TASK,HIGH
BUILD-0659,QUEUE_CONGESTION,HIGH
BUILD-0660,NORMAL,LOW
BUILD-0661,QUEUE_CONGESTION,HIGH
BUILD-0662,SLOW_TASK,CRITICAL
BUILD-0663,RESOURCE_BOTTLENECK,CRITICAL
BUILD-0664,CACHE_PROBLEM,HIGH
BUILD-0665,QUEUE_CONGESTION,HIGH
BUILD-0666,NORMAL,LOW
BUILD-0667,PARALLELISATION_PROBLEM,HIGH
BUILD-0668,SLOW_TASK,HIGH
BUILD-0669,PARALLELISATION_PROBLEM,MEDIUM
BUILD-0670,NORMAL,LOW
BUILD-0671,SLOW_TASK,HIGH
BUILD-0672,PARALLELISATION_PROBLEM,MEDIUM
BUILD-0673,NORMAL,LOW
BUILD-0674,QUEUE_CONGESTION,HIGH
BUILD-0675,NORMAL,LOW
BUILD-0676,CACHE_PROBLEM,MEDIUM
BUILD-0677,NORMAL,LOW
BUILD-0678,SLOW_TASK,CRITICAL
BUILD-0679,QUEUE_CONGESTION,HIGH
BUILD-0680,QUEUE_CONGESTION,HIGH
BUILD-0681,NORMAL,LOW
BUILD-0682,RESOURCE_BOTTLENECK,MEDIUM
BUILD-0683,PARALLELISATION_PROBLEM,MEDIUM
BUILD-0684,NORMAL,LOW
BUILD-0685,PARALLELISATION_PROBLEM,HIGH
BUILD-0686,QUEUE_CONGESTION,HIGH
BUILD-0687,QUEUE_CONGESTION,HIGH
BUILD-0688,PARALLELISATION_PROBLEM,HIGH
BUILD-0689,NORMAL,LOW
BUILD-0690,RESOURCE_BOTTLENECK,MEDIUM
BUILD-0691,QUEUE_CONGESTION,HIGH
BUILD-0692,NORMAL,LOW
BUILD-0693,PARALLELISATION_PROBLEM,MEDIUM
BUILD-0694,QUEUE_CONGESTION,HIGH
BUILD-0695,RESOURCE_BOTTLENECK,MEDIUM
BUILD-0696,NORMAL,LOW
BUILD-0697,PARALLELISATION_PROBLEM,HIGH
BUILD-0698,NORMAL,LOW
BUILD-0699,CACHE_PROBLEM,MEDIUM
BUILD-0700,NORMAL,LOW
BUILD-0701,NORMAL,LOW
BUILD-0702,PARALLELISATION_PROBLEM,HIGH
BUILD-0703,RESOURCE_BOTTLENECK,MEDIUM
BUILD-0704,PARALLELISATION_PROBLEM,HIGH
BUILD-0705,QUEUE_CONGESTION,HIGH
BUILD-0706,CACHE_PROBLEM,HIGH
BUILD-0707,NORMAL,LOW
BUILD-0708,CACHE_PROBLEM,MEDIUM
BUILD-0709,NORMAL,LOW
BUILD-0710,QUEUE_CONGESTION,HIGH
BUILD-0711,RESOURCE_BOTTLENECK,HIGH
BUILD-0712,PARALLELISATION_PROBLEM,MEDIUM
BUILD-0713,PARALLELISATION_PROBLEM,MEDIUM
BUILD-0714,QUEUE_CONGESTION,CRITICAL
BUILD-0715,RESOURCE_BOTTLENECK,MEDIUM
BUILD-0716,RESOURCE_BOTTLENECK,CRITICAL
BUILD-0717,NORMAL,LOW
BUILD-0718,PARALLELISATION_PROBLEM,MEDIUM
BUILD-0719,RESOURCE_BOTTLENECK,CRITICAL
BUILD-0720,SLOW_TASK,CRITICAL
BUILD-0721,RESOURCE_BOTTLENECK,HIGH
BUILD-0722,RESOURCE_BOTTLENECK,CRITICAL
BUILD-0723,RESOURCE_BOTTLENECK,HIGH
BUILD-0724,PARALLELISATION_PROBLEM,MEDIUM
BUILD-0725,NORMAL,LOW
BUILD-0726,NORMAL,LOW
BUILD-0727,SLOW_TASK,HIGH
BUILD-0728,CACHE_PROBLEM,MEDIUM
BUILD-0729,QUEUE_CONGESTION,CRITICAL
BUILD-0730,QUEUE_CONGESTION,MEDIUM
BUILD-0731,PARALLELISATION_PROBLEM,HIGH
BUILD-0732,NORMAL,LOW
BUILD-0733,SLOW_TASK,CRITICAL
BUILD-0734,QUEUE_CONGESTION,CRITICAL
BUILD-0735,CACHE_PROBLEM,MEDIUM
BUILD-0736,QUEUE_CONGESTION,CRITICAL
BUILD-0737,PARALLELISATION_PROBLEM,HIGH
BUILD-0738,PARALLELISATION_PROBLEM,MEDIUM
BUILD-0739,PARALLELISATION_PROBLEM,HIGH
BUILD-0740,CACHE_PROBLEM,HIGH
BUILD-0741,SLOW_TASK,HIGH
BUILD-0742,CACHE_PROBLEM,MEDIUM
BUILD-0743,PARALLELISATION_PROBLEM,MEDIUM
BUILD-0744,RESOURCE_BOTTLENECK,MEDIUM
BUILD-0745,QUEUE_CONGESTION,HIGH
BUILD-0746,NORMAL,LOW
BUILD-0747,NORMAL,LOW
BUILD-0748,NORMAL,LOW
BUILD-0749,QUEUE_CONGESTION,CRITICAL
BUILD-0750,CACHE_PROBLEM,HIGH
BUILD-0751,NORMAL,LOW
BUILD-0752,NORMAL,LOW
BUILD-0753,CACHE_PROBLEM,HIGH
BUILD-0754,CACHE_PROBLEM,MEDIUM
BUILD-0755,CACHE_PROBLEM,HIGH
BUILD-0756,NORMAL,LOW
BUILD-0757,NORMAL,LOW
BUILD-0758,NORMAL,LOW
BUILD-0759,NORMAL,LOW
BUILD-0760,QUEUE_CONGESTION,MEDIUM
BUILD-0761,PARALLELISATION_PROBLEM,MEDIUM
BUILD-0762,CACHE_PROBLEM,MEDIUM
BUILD-0763,RESOURCE_BOTTLENECK,MEDIUM
BUILD-0764,NORMAL,LOW
BUILD-0765,CACHE_PROBLEM,MEDIUM
BUILD-0766,NORMAL,LOW
BUILD-0767,PARALLELISATION_PROBLEM,MEDIUM
BUILD-0768,NORMAL,LOW
BUILD-0769,NORMAL,LOW
BUILD-0770,SLOW_TASK,HIGH
BUILD-0771,CACHE_PROBLEM,MEDIUM
BUILD-0772,QUEUE_CONGESTION,HIGH
BUILD-0773,QUEUE_CONGESTION,HIGH
BUILD-0774,RESOURCE_BOTTLENECK,HIGH
BUILD-0775,NORMAL,LOW
BUILD-0776,SLOW_TASK,MEDIUM
BUILD-0777,PARALLELISATION_PROBLEM,HIGH
BUILD-0778,QUEUE_CONGESTION,MEDIUM
BUILD-0779,NORMAL,LOW
BUILD-0780,NORMAL,LOW
BUILD-0781,NORMAL,LOW
BUILD-0782,QUEUE_CONGESTION,CRITICAL
BUILD-0783,QUEUE_CONGESTION,MEDIUM
BUILD-0784,PARALLELISATION_PROBLEM,MEDIUM
BUILD-0785,QUEUE_CONGESTION,CRITICAL
BUILD-0786,PARALLELISATION_PROBLEM,HIGH
BUILD-0787,NORMAL,LOW
BUILD-0788,PARALLELISATION_PROBLEM,HIGH
BUILD-0789,QUEUE_CONGESTION,HIGH
BUILD-0790,CACHE_PROBLEM,HIGH
BUILD-0791,RESOURCE_BOTTLENECK,MEDIUM
BUILD-0792,PARALLELISATION_PROBLEM,HIGH
BUILD-0793,PARALLELISATION_PROBLEM,HIGH
BUILD-0794,PARALLELISATION_PROBLEM,MEDIUM
BUILD-0795,NORMAL,LOW
BUILD-0796,PARALLELISATION_PROBLEM,HIGH
BUILD-0797,CACHE_PROBLEM,MEDIUM
BUILD-0798,NORMAL,LOW
BUILD-0799,SLOW_TASK,CRITICAL
BUILD-0800,CACHE_PROBLEM,HIGH
BUILD-0801,QUEUE_CONGESTION,MEDIUM
BUILD-0802,NORMAL,LOW
BUILD-0803,NORMAL,LOW
BUILD-0804,QUEUE_CONGESTION,CRITICAL
BUILD-0805,SLOW_TASK,HIGH
BUILD-0806,PARALLELISATION_PROBLEM,MEDIUM
BUILD-0807,QUEUE_CONGESTION,HIGH
BUILD-0808,NORMAL,LOW
BUILD-0809,PARALLELISATION_PROBLEM,HIGH
BUILD-0810,QUEUE_CONGESTION,HIGH
BUILD-0811,SLOW_TASK,MEDIUM
BUILD-0812,PARALLELISATION_PROBLEM,HIGH
BUILD-0813,RESOURCE_BOTTLENECK,HIGH
BUILD-0814,NORMAL,LOW
BUILD-0815,QUEUE_CONGESTION,HIGH
BUILD-0816,NORMAL,LOW
BUILD-0817,PARALLELISATION_PROBLEM,HIGH
BUILD-0818,NORMAL,LOW
BUILD-0819,NORMAL,LOW
BUILD-0820,NORMAL,LOW
BUILD-0821,NORMAL,LOW
BUILD-0822,NORMAL,LOW
BUILD-0823,SLOW_TASK,HIGH
BUILD-0824,NORMAL,LOW
BUILD-0825,QUEUE_CONGESTION,MEDIUM
BUILD-0826,PARALLELISATION_PROBLEM,MEDIUM
BUILD-0827,PARALLELISATION_PROBLEM,HIGH
BUILD-0828,QUEUE_CONGESTION,HIGH
BUILD-0829,NORMAL,LOW
BUILD-0830,SLOW_TASK,CRITICAL
BUILD-0831,NORMAL,LOW
BUILD-0832,PARALLELISATION_PROBLEM,HIGH
BUILD-0833,CACHE_PROBLEM,MEDIUM
BUILD-0834,NORMAL,LOW
BUILD-0835,NORMAL,LOW
BUILD-0836,PARALLELISATION_PROBLEM,HIGH
BUILD-0837,QUEUE_CONGESTION,HIGH
BUILD-0838,PARALLELISATION_PROBLEM,MEDIUM
BUILD-0839,RESOURCE_BOTTLENECK,HIGH
BUILD-0840,CACHE_PROBLEM,MEDIUM
BUILD-0841,QUEUE_CONGESTION,HIGH
BUILD-0842,QUEUE_CONGESTION,HIGH
BUILD-0843,NORMAL,LOW
BUILD-0844,PARALLELISATION_PROBLEM,HIGH
BUILD-0845,NORMAL,LOW
BUILD-0846,NORMAL,LOW
BUILD-0847,PARALLELISATION_PROBLEM,MEDIUM
BUILD-0848,RESOURCE_BOTTLENECK,CRITICAL
BUILD-0849,NORMAL,LOW
BUILD-0850,NORMAL,LOW
BUILD-0851,PARALLELISATION_PROBLEM,HIGH
BUILD-0852,CACHE_PROBLEM,MEDIUM
BUILD-0853,PARALLELISATION_PROBLEM,MEDIUM
BUILD-0854,NORMAL,LOW
BUILD-0855,PARALLELISATION_PROBLEM,MEDIUM
BUILD-0856,QUEUE_CONGESTION,CRITICAL
BUILD-0857,NORMAL,LOW
BUILD-0858,PARALLELISATION_PROBLEM,MEDIUM
BUILD-0859,QUEUE_CONGESTION,CRITICAL
BUILD-0860,SLOW_TASK,MEDIUM
BUILD-0861,PARALLELISATION_PROBLEM,HIGH
BUILD-0862,RESOURCE_BOTTLENECK,HIGH
BUILD-0863,CACHE_PROBLEM,MEDIUM
BUILD-0864,CACHE_PROBLEM,MEDIUM
BUILD-0865,CACHE_PROBLEM,MEDIUM
BUILD-0866,RESOURCE_BOTTLENECK,HIGH
BUILD-0867,QUEUE_CONGESTION,HIGH
BUILD-0868,NORMAL,LOW
BUILD-0869,CACHE_PROBLEM,HIGH
BUILD-0870,SLOW_TASK,CRITICAL
BUILD-0871,NORMAL,LOW
BUILD-0872,NORMAL,LOW
BUILD-0873,NORMAL,LOW
BUILD-0874,QUEUE_CONGESTION,MEDIUM
BUILD-0875,CACHE_PROBLEM,HIGH
BUILD-0876,NORMAL,LOW
BUILD-0877,SLOW_TASK,MEDIUM
BUILD-0878,QUEUE_CONGESTION,HIGH
BUILD-0879,NORMAL,LOW
BUILD-0880,PARALLELISATION_PROBLEM,HIGH
BUILD-0881,NORMAL,LOW
BUILD-0882,NORMAL,LOW
BUILD-0883,PARALLELISATION_PROBLEM,HIGH
BUILD-0884,NORMAL,LOW
BUILD-0885,QUEUE_CONGESTION,HIGH
BUILD-0886,QUEUE_CONGESTION,MEDIUM
BUILD-0887,CACHE_PROBLEM,MEDIUM
BUILD-0888,RESOURCE_BOTTLENECK,CRITICAL
BUILD-0889,NORMAL,LOW
BUILD-0890,QUEUE_CONGESTION,MEDIUM
BUILD-0891,SLOW_TASK,HIGH
BUILD-0892,QUEUE_CONGESTION,CRITICAL
BUILD-0893,CACHE_PROBLEM,MEDIUM
BUILD-0894,CACHE_PROBLEM,HIGH
BUILD-0895,CACHE_PROBLEM,HIGH
BUILD-0896,PARALLELISATION_PROBLEM,MEDIUM
BUILD-0897,CACHE_PROBLEM,HIGH
BUILD-0898,PARALLELISATION_PROBLEM,MEDIUM
BUILD-0899,SLOW_TASK,CRITICAL
BUILD-0900,CACHE_PROBLEM,HIGH
BUILD-0901,NORMAL,LOW
BUILD-0902,CACHE_PROBLEM,HIGH
BUILD-0903,NORMAL,LOW
BUILD-0904,QUEUE_CONGESTION,HIGH
BUILD-0905,NORMAL,LOW
BUILD-0906,QUEUE_CONGESTION,HIGH
BUILD-0907,CACHE_PROBLEM,MEDIUM
BUILD-0908,CACHE_PROBLEM,MEDIUM
BUILD-0909,PARALLELISATION_PROBLEM,HIGH
BUILD-0910,QUEUE_CONGESTION,HIGH
BUILD-0911,NORMAL,LOW
BUILD-0912,NORMAL,LOW
BUILD-0913,QUEUE_CONGESTION,CRITICAL
BUILD-0914,SLOW_TASK,HIGH
BUILD-0915,NORMAL,LOW
BUILD-0916,CACHE_PROBLEM,HIGH
BUILD-0917,QUEUE_CONGESTION,MEDIUM
BUILD-0918,NORMAL,LOW
BUILD-0919,QUEUE_CONGESTION,MEDIUM
BUILD-0920,CACHE_PROBLEM,HIGH
BUILD-0921,SLOW_TASK,HIGH
BUILD-0922,NORMAL,LOW
BUILD-0923,CACHE_PROBLEM,MEDIUM
BUILD-0924,QUEUE_CONGESTION,CRITICAL
BUILD-0925,PARALLELISATION_PROBLEM,HIGH
BUILD-0926,RESOURCE_BOTTLENECK,CRITICAL
BUILD-0927,PARALLELISATION_PROBLEM,MEDIUM
BUILD-0928,SLOW_TASK,CRITICAL
BUILD-0929,PARALLELISATION_PROBLEM,MEDIUM
BUILD-0930,NORMAL,LOW
BUILD-0931,QUEUE_CONGESTION,HIGH
BUILD-0932,NORMAL,LOW
BUILD-0933,PARALLELISATION_PROBLEM,MEDIUM
BUILD-0934,RESOURCE_BOTTLENECK,CRITICAL
BUILD-0935,CACHE_PROBLEM,HIGH
BUILD-0936,PARALLELISATION_PROBLEM,HIGH
BUILD-0937,NORMAL,LOW
BUILD-0938,QUEUE_CONGESTION,HIGH
BUILD-0939,QUEUE_CONGESTION,MEDIUM
BUILD-0940,NORMAL,LOW
BUILD-0941,NORMAL,LOW
BUILD-0942,PARALLELISATION_PROBLEM,MEDIUM
BUILD-0943,NORMAL,LOW
BUILD-0944,RESOURCE_BOTTLENECK,MEDIUM
BUILD-0945,NORMAL,LOW
BUILD-0946,NORMAL,LOW
BUILD-0947,CACHE_PROBLEM,MEDIUM
BUILD-0948,QUEUE_CONGESTION,HIGH
BUILD-0949,SLOW_TASK,HIGH
BUILD-0950,SLOW_TASK,HIGH
BUILD-0951,NORMAL,LOW
BUILD-0952,PARALLELISATION_PROBLEM,MEDIUM
BUILD-0953,SLOW_TASK,MEDIUM
BUILD-0954,NORMAL,LOW
BUILD-0955,PARALLELISATION_PROBLEM,HIGH
BUILD-0956,CACHE_PROBLEM,MEDIUM
BUILD-0957,SLOW_TASK,HIGH
BUILD-0958,NORMAL,LOW
BUILD-0959,CACHE_PROBLEM,MEDIUM
BUILD-0960,NORMAL,LOW
BUILD-0961,NORMAL,LOW
BUILD-0962,CACHE_PROBLEM,HIGH
BUILD-0963,PARALLELISATION_PROBLEM,HIGH
BUILD-0964,PARALLELISATION_PROBLEM,HIGH
BUILD-0965,PARALLELISATION_PROBLEM,MEDIUM
BUILD-0966,QUEUE_CONGESTION,HIGH
BUILD-0967,RESOURCE_BOTTLENECK,HIGH
BUILD-0968,NORMAL,LOW
BUILD-0969,CACHE_PROBLEM,HIGH
BUILD-0970,NORMAL,LOW
BUILD-0971,PARALLELISATION_PROBLEM,MEDIUM
BUILD-0972,PARALLELISATION_PROBLEM,MEDIUM
BUILD-0973,CACHE_PROBLEM,MEDIUM
BUILD-0974,NORMAL,LOW
BUILD-0975,PARALLELISATION_PROBLEM,HIGH
BUILD-0976,RESOURCE_BOTTLENECK,CRITICAL
BUILD-0977,NORMAL,LOW
BUILD-0978,QUEUE_CONGESTION,HIGH
BUILD-0979,NORMAL,LOW
BUILD-0980,NORMAL,LOW
BUILD-0981,RESOURCE_BOTTLENECK,MEDIUM
BUILD-0982,NORMAL,LOW
BUILD-0983,NORMAL,LOW
BUILD-0984,QUEUE_CONGESTION,HIGH
BUILD-0985,NORMAL,LOW
BUILD-0986,RESOURCE_BOTTLENECK,HIGH
BUILD-0987,CACHE_PROBLEM,HIGH
BUILD-0988,PARALLELISATION_PROBLEM,HIGH
BUILD-0989,NORMAL,LOW
BUILD-0990,PARALLELISATION_PROBLEM,HIGH
BUILD-0991,CACHE_PROBLEM,MEDIUM
BUILD-0992,NORMAL,LOW
BUILD-0993,CACHE_PROBLEM,MEDIUM
BUILD-0994,NORMAL,LOW
BUILD-0995,PARALLELISATION_PROBLEM,HIGH
BUILD-0996,NORMAL,LOW
BUILD-0997,SLOW_TASK,HIGH
BUILD-0998,CACHE_PROBLEM,MEDIUM
BUILD-0999,RESOURCE_BOTTLENECK,MEDIUM
BUILD-1000,NORMAL,LOW
BUILD-1001,QUEUE_CONGESTION,HIGH
BUILD-1002,CACHE_PROBLEM,HIGH
BUILD-1003,NORMAL,LOW
BUILD-1004,PARALLELISATION_PROBLEM,HIGH
BUILD-1005,RESOURCE_BOTTLENECK,HIGH
BUILD-1006,QUEUE_CONGESTION,HIGH
BUILD-1007,QUEUE_CONGESTION,HIGH
BUILD-1008,NORMAL,LOW
BUILD-1009,NORMAL,LOW
BUILD-1010,NORMAL,LOW
BUILD-1011,SLOW_TASK,HIGH
BUILD-1012,CACHE_PROBLEM,HIGH
BUILD-1013,RESOURCE_BOTTLENECK,HIGH
BUILD-1014,NORMAL,LOW
BUILD-1015,NORMAL,LOW
BUILD-1016,RESOURCE_BOTTLENECK,HIGH
BUILD-1017,PARALLELISATION_PROBLEM,HIGH
BUILD-1018,NORMAL,LOW
BUILD-1019,RESOURCE_BOTTLENECK,MEDIUM
BUILD-1020,QUEUE_CONGESTION,HIGH
BUILD-1021,NORMAL,LOW
BUILD-1022,SLOW_TASK,CRITICAL
BUILD-1023,QUEUE_CONGESTION,HIGH
BUILD-1024,NORMAL,LOW
BUILD-1025,SLOW_TASK,CRITICAL
BUILD-1026,NORMAL,LOW
BUILD-1027,NORMAL,LOW
BUILD-1028,CACHE_PROBLEM,HIGH
BUILD-1029,NORMAL,LOW
BUILD-1030,PARALLELISATION_PROBLEM,HIGH
BUILD-1031,RESOURCE_BOTTLENECK,CRITICAL
BUILD-1032,SLOW_TASK,HIGH
BUILD-1033,SLOW_TASK,MEDIUM
BUILD-1034,QUEUE_CONGESTION,HIGH
BUILD-1035,QUEUE_CONGESTION,HIGH
BUILD-1036,CACHE_PROBLEM,MEDIUM
BUILD-1037,PARALLELISATION_PROBLEM,MEDIUM
BUILD-1038,NORMAL,LOW
BUILD-1039,QUEUE_CONGESTION,MEDIUM
BUILD-1040,NORMAL,LOW
BUILD-1041,CACHE_PROBLEM,HIGH
BUILD-1042,SLOW_TASK,HIGH
BUILD-1043,QUEUE_CONGESTION,MEDIUM
BUILD-1044,CACHE_PROBLEM,HIGH
BUILD-1045,QUEUE_CONGESTION,HIGH
BUILD-1046,QUEUE_CONGESTION,HIGH
BUILD-1047,CACHE_PROBLEM,HIGH
BUILD-1048,QUEUE_CONGESTION,HIGH
BUILD-1049,CACHE_PROBLEM,MEDIUM
BUILD-1050,CACHE_PROBLEM,MEDIUM
BUILD-1051,PARALLELISATION_PROBLEM,HIGH
BUILD-1052,NORMAL,LOW
BUILD-1053,CACHE_PROBLEM,MEDIUM
BUILD-1054,NORMAL,LOW
BUILD-1055,QUEUE_CONGESTION,HIGH
BUILD-1056,SLOW_TASK,HIGH
BUILD-1057,SLOW_TASK,HIGH
BUILD-1058,CACHE_PROBLEM,HIGH
BUILD-1059,SLOW_TASK,CRITICAL
BUILD-1060,NORMAL,LOW
BUILD-1061,NORMAL,LOW
BUILD-1062,NORMAL,LOW
BUILD-1063,PARALLELISATION_PROBLEM,HIGH
BUILD-1064,SLOW_TASK,HIGH
BUILD-1065,NORMAL,LOW
BUILD-1066,CACHE_PROBLEM,HIGH
BUILD-1067,SLOW_TASK,MEDIUM
BUILD-1068,CACHE_PROBLEM,HIGH
BUILD-1069,NORMAL,LOW
BUILD-1070,CACHE_PROBLEM,HIGH
BUILD-1071,SLOW_TASK,HIGH
BUILD-1072,SLOW_TASK,MEDIUM
BUILD-1073,PARALLELISATION_PROBLEM,HIGH
BUILD-1074,SLOW_TASK,MEDIUM
BUILD-1075,SLOW_TASK,HIGH
BUILD-1076,NORMAL,LOW
BUILD-1077,CACHE_PROBLEM,HIGH
BUILD-1078,NORMAL,LOW
BUILD-1079,QUEUE_CONGESTION,MEDIUM
BUILD-1080,NORMAL,LOW
BUILD-1081,NORMAL,LOW
BUILD-1082,NORMAL,LOW
BUILD-1083,NORMAL,LOW
BUILD-1084,CACHE_PROBLEM,MEDIUM
BUILD-1085,PARALLELISATION_PROBLEM,HIGH
BUILD-1086,QUEUE_CONGESTION,HIGH
BUILD-1087,SLOW_TASK,CRITICAL
BUILD-1088,RESOURCE_BOTTLENECK,MEDIUM
BUILD-1089,NORMAL,LOW
BUILD-1090,RESOURCE_BOTTLENECK,CRITICAL
BUILD-1091,QUEUE_CONGESTION,MEDIUM
BUILD-1092,CACHE_PROBLEM,HIGH
BUILD-1093,RESOURCE_BOTTLENECK,MEDIUM
BUILD-1094,PARALLELISATION_PROBLEM,MEDIUM
BUILD-1095,NORMAL,LOW
BUILD-1096,NORMAL,LOW
BUILD-1097,NORMAL,LOW
BUILD-1098,CACHE_PROBLEM,HIGH
BUILD-1099,CACHE_PROBLEM,MEDIUM
BUILD-1100,CACHE_PROBLEM,HIGH
BUILD-1101,NORMAL,LOW
BUILD-1102,NORMAL,LOW
BUILD-1103,CACHE_PROBLEM,HIGH
BUILD-1104,CACHE_PROBLEM,HIGH
BUILD-1105,CACHE_PROBLEM,MEDIUM
BUILD-1106,QUEUE_CONGESTION,HIGH
BUILD-1107,CACHE_PROBLEM,HIGH
BUILD-1108,QUEUE_CONGESTION,MEDIUM
BUILD-1109,CACHE_PROBLEM,HIGH
BUILD-1110,QUEUE_CONGESTION,MEDIUM
BUILD-1111,NORMAL,LOW
BUILD-1112,NORMAL,LOW
BUILD-1113,NORMAL,LOW
BUILD-1114,SLOW_TASK,HIGH
BUILD-1115,QUEUE_CONGESTION,HIGH
BUILD-1116,QUEUE_CONGESTION,HIGH
BUILD-1117,QUEUE_CONGESTION,HIGH
BUILD-1118,QUEUE_CONGESTION,HIGH
BUILD-1119,CACHE_PROBLEM,HIGH
BUILD-1120,QUEUE_CONGESTION,MEDIUM
BUILD-1121,NORMAL,LOW
BUILD-1122,NORMAL,LOW
BUILD-1123,RESOURCE_BOTTLENECK,HIGH
BUILD-1124,QUEUE_CONGESTION,MEDIUM
BUILD-1125,SLOW_TASK,HIGH
BUILD-1126,NORMAL,LOW
BUILD-1127,NORMAL,LOW
BUILD-1128,CACHE_PROBLEM,HIGH
BUILD-1129,PARALLELISATION_PROBLEM,HIGH
BUILD-1130,PARALLELISATION_PROBLEM,HIGH
BUILD-1131,CACHE_PROBLEM,MEDIUM
BUILD-1132,PARALLELISATION_PROBLEM,HIGH
BUILD-1133,NORMAL,LOW
BUILD-1134,QUEUE_CONGESTION,HIGH
BUILD-1135,CACHE_PROBLEM,HIGH
BUILD-1136,RESOURCE_BOTTLENECK,HIGH
BUILD-1137,SLOW_TASK,HIGH
BUILD-1138,NORMAL,LOW
BUILD-1139,QUEUE_CONGESTION,HIGH
BUILD-1140,PARALLELISATION_PROBLEM,MEDIUM
BUILD-1141,RESOURCE_BOTTLENECK,HIGH
BUILD-1142,PARALLELISATION_PROBLEM,MEDIUM
BUILD-1143,RESOURCE_BOTTLENECK,CRITICAL
BUILD-1144,CACHE_PROBLEM,HIGH
BUILD-1145,QUEUE_CONGESTION,HIGH
BUILD-1146,QUEUE_CONGESTION,MEDIUM
BUILD-1147,SLOW_TASK,CRITICAL
BUILD-1148,PARALLELISATION_PROBLEM,MEDIUM
BUILD-1149,CACHE_PROBLEM,MEDIUM
BUILD-1150,PARALLELISATION_PROBLEM,MEDIUM
BUILD-1151,NORMAL,LOW
BUILD-1152,NORMAL,LOW
BUILD-1153,QUEUE_CONGESTION,CRITICAL
BUILD-1154,QUEUE_CONGESTION,CRITICAL
BUILD-1155,QUEUE_CONGESTION,CRITICAL
BUILD-1156,CACHE_PROBLEM,HIGH
BUILD-1157,PARALLELISATION_PROBLEM,HIGH
BUILD-1158,CACHE_PROBLEM,HIGH
BUILD-1159,CACHE_PROBLEM,HIGH
BUILD-1160,CACHE_PROBLEM,MEDIUM
BUILD-1161,NORMAL,LOW
BUILD-1162,PARALLELISATION_PROBLEM,HIGH
BUILD-1163,SLOW_TASK,HIGH
BUILD-1164,NORMAL,LOW
BUILD-1165,QUEUE_CONGESTION,CRITICAL
BUILD-1166,PARALLELISATION_PROBLEM,MEDIUM
BUILD-1167,PARALLELISATION_PROBLEM,HIGH
BUILD-1168,RESOURCE_BOTTLENECK,MEDIUM
BUILD-1169,SLOW_TASK,MEDIUM
BUILD-1170,NORMAL,LOW
BUILD-1171,NORMAL,LOW
BUILD-1172,SLOW_TASK,CRITICAL
BUILD-1173,CACHE_PROBLEM,MEDIUM
BUILD-1174,NORMAL,LOW
BUILD-1175,NORMAL,LOW
BUILD-1176,PARALLELISATION_PROBLEM,HIGH
BUILD-1177,PARALLELISATION_PROBLEM,MEDIUM
BUILD-1178,QUEUE_CONGESTION,MEDIUM
BUILD-1179,NORMAL,LOW
BUILD-1180,QUEUE_CONGESTION,CRITICAL
BUILD-1181,NORMAL,LOW
BUILD-1182,QUEUE_CONGESTION,HIGH
BUILD-1183,RESOURCE_BOTTLENECK,CRITICAL
BUILD-1184,PARALLELISATION_PROBLEM,HIGH
BUILD-1185,RESOURCE_BOTTLENECK,CRITICAL
BUILD-1186,CACHE_PROBLEM,MEDIUM
BUILD-1187,QUEUE_CONGESTION,HIGH
BUILD-1188,CACHE_PROBLEM,HIGH
BUILD-1189,CACHE_PROBLEM,MEDIUM
BUILD-1190,QUEUE_CONGESTION,HIGH
BUILD-1191,PARALLELISATION_PROBLEM,HIGH
BUILD-1192,SLOW_TASK,HIGH
BUILD-1193,PARALLELISATION_PROBLEM,MEDIUM
BUILD-1194,NORMAL,LOW
BUILD-1195,NORMAL,LOW
BUILD-1196,CACHE_PROBLEM,HIGH
BUILD-1197,PARALLELISATION_PROBLEM,HIGH
BUILD-1198,NORMAL,LOW
BUILD-1199,CACHE_PROBLEM,MEDIUM
BUILD-1200,PARALLELISATION_PROBLEM,MEDIUM
